Tweet,Polarity,Subjectivity,Subective / Objective
UAV Inspection Service Reveals the Power of Artificial Intelligence and Machine-Learning https://t.co/N42xu1JYkC,-0.6,1.0,Very Subjective
RT @DataScienceCtrl: A Complete Machine Learning Project Walk-Through in Python https://t.co/22FlycsQ6Y,0.1,0.4,Objective
RT @kdnuggets: How to Deploy Machine Learning Models: The Ultimate Guide https://t.co/L9EopB19bm https://t.co/pjLAJRxSqU,0.0,1.0,Very Subjective
RT @kdnuggets: How do you teach physics to machine learning models? https://t.co/Ai0emfjUGx https://t.co/OzUN4e2iGL,0.0,0.0,Very Objective
The machine learning model deliberately reimagines a superb book. #PoetryBot,1.0,1.0,Very Subjective
"RT @MonaJalal_: Very excited to announce that on June 3rd, I will be a machine learning intern @ Twitter Cortex (mentor: @ksunter, manager:‚Ä¶",0.24375000000000002,0.48750000000000004,Objective
RT @adversariel: Some news: I‚Äôm writing a book for @nostarch titled ‚ÄúThe Machine Learning Red Team Manual‚Äù. My aim is to provide a practica‚Ä¶,0.0,0.0,Very Objective
This is quite original; the authors used electrophysiological features (from the Allen Institute) and used machine‚Ä¶ https://t.co/LZsgS4Fhv9,0.375,0.75,Subjective
#DYK: @IBM rolls out a Watson-powered machine learning algorithm for use in business #supplychain management. Learn‚Ä¶ https://t.co/egocTUmtOi,0.0,0.0,Very Objective
"RT @kareem_carr: Big data: Create huge datasets. Insights will be obvious!

Data science: Play with data. Visualize it. Insights will be ob‚Ä¶",0.13333333333333336,0.5,
"RT @kareem_carr: Big data: Create huge datasets. Insights will be obvious!

Data science: Play with data. Visualize it. Insights will be ob‚Ä¶",0.13333333333333336,0.5,
"The Time Is Now: How to Incorporate Machine Learning Into Your Business Today 
https://t.co/NbWIlmiv77",0.0,0.0,Very Objective
"Nivia Henry, Senior Engineering Manager at Spotify talked about her experience in Project Management, Software Test‚Ä¶ https://t.co/p51q1CN9kY",0.0,0.0,Very Objective
"RT @DD_FaFa_: Introducing Data Science: Big Data, Machine Learning, and more, using Python tools https://t.co/2MqnGycl14",0.25,0.3,Objective
"RT @IBMWatson: To expand AI research in India, IBM is partnering with IIT Bombay to apply AI, machine learning and natural language process‚Ä¶",0.1,0.4,Objective
"RT @kdnuggets: 19 Inspiring Women in AI, Big Data, Data Science, Machine Learning https://t.co/TYv0svnv9c https://t.co/JAlGxERlt1",0.25,0.55,Subjective
RT @panlepan: Machine learning researchers have produced a system that can recreate lifelike motion from just a single frame of a person‚Äôs‚Ä¶,0.11428571428571428,0.40714285714285714,Objective
RT @Andrea_ilsergio: The Plain English Guide to Machine Learning vs. Deep Learning #DeepLearning #MachineLearning #Marketing  https://t.co/‚Ä¶,-0.07142857142857142,0.2523809523809524,Objective
RT @Andrea_ilsergio: The Plain English Guide to Machine Learning vs. Deep Learning #DeepLearning #MachineLearning #Marketing  https://t.co/‚Ä¶,-0.07142857142857142,0.2523809523809524,Objective
RT @Andrea_ilsergio: The Plain English Guide to Machine Learning vs. Deep Learning #DeepLearning #MachineLearning #Marketing  https://t.co/‚Ä¶,-0.07142857142857142,0.2523809523809524,Objective
Applied Machine Learning Specialist https://t.co/NFEc84xtIk #ai #machinelearning #artificialintelligence #hiring #solve via @dalelane,0.0,0.0,Very Objective
RT @evilsocket: How to Create a Malware Detection System With Machine Learning https://t.co/hxEs0a8REi,0.0,0.0,Very Objective
RT @evilsocket: How to Create a Malware Detection System With Machine Learning https://t.co/hxEs0a8REi,0.0,0.0,Very Objective
RT @MarkStoutMedia: #WorldOfAppearances - #Circus of #Illusion - #MagicTheater #Robot #AI #HoneyDog #ProfessorWatts #MeganChristian #SpaceF‚Ä¶,0.0,0.0,Very Objective
"RT @kareem_carr: Big data: Create huge datasets. Insights will be obvious!

Data science: Play with data. Visualize it. Insights will be ob‚Ä¶",0.13333333333333336,0.5,
"‚ÄúRavin, founded in 2018, uses computer vision and machine learning to detect and analyze vehicle damage without the‚Ä¶ https://t.co/BhIJWbkjF0",0.0,0.0,Very Objective
"Chick-fil-A might not be the first place you‚Äôd expect to see AI and machine learning in action, but as it turns out‚Ä¶ https://t.co/w5cBVfEjTd",0.175,0.21666666666666667,Objective
"RT @kareem_carr: Epidemiology: What should we to estimate?

Statistics: How should we estimate it?

Machine Learning: Huh? Have you tried s‚Ä¶",0.0,0.0,Very Objective
"RT @kareem_carr: Epidemiology: What should we to estimate?

Statistics: How should we estimate it?

Machine Learning: Huh? Have you tried s‚Ä¶",0.0,0.0,Very Objective
RT @joeclark947: @drfeifei @ylecun @AndrewYNg @ml_review @deanabb @kncukier @BernardMarr @hmason @BigDataGal @SebastianThrun @johnmyleswhit‚Ä¶,0.0,0.0,Very Objective
@IutaroG @dferg @JoeySalads Terminator 2 was about the terminator learning humanity and becoming less of a killing‚Ä¶ https://t.co/nqDI3YOchb,0.14166666666666666,0.45833333333333337,Objective
RT @ThisIsBernardo: ‚Äú6 reasons Microsoft has become the go-to for machine learning‚Äù by Alyse Sue https://t.co/2Sfx01X6EV,0.0,0.0,Very Objective
The increasing complexity of clouds creates challenges associated with scaling up the architecture of existing data‚Ä¶ https://t.co/6qECAlQusz,0.0,0.0,Very Objective
RT @kdnuggets: How to Deploy Machine Learning Models: The Ultimate Guide https://t.co/L9EopB19bm https://t.co/pjLAJRxSqU,0.0,1.0,Very Subjective
"RT @digitalocean: The free ebook will guide you through setting up a Python programming environment, provide you with a conceptual understa‚Ä¶",0.4,0.8,Subjective
RT @TheDiffEng: What many describe as machine learning is just logic. Most don‚Äôt actually learn‚Äîif the developer didn‚Äôt anticipate a situat‚Ä¶,0.3333333333333333,0.3666666666666667,Objective
RT @kayejchapman: Loved this image showing design thinking and machine learning as complimentary processes. Design thinking should be appli‚Ä¶,0.5,0.65,Subjective
"#Fintech | With expansion of digital tools related to finance and banking services, Creighton University is the fir‚Ä¶ https://t.co/c6rahCXX6P",0.0,0.2,Objective
Machine Learning: Le Guide Ultime Du D√©butant Pour Comprendre L‚ÄôApprentissage Automatique (Machine Learning for Beg‚Ä¶ https://t.co/2lM7ADc2jR,0.0,0.0,Very Objective
Epidemiolog√≠a: ¬øQu√© debemos estimar?  Estad√≠sticas: ¬øC√≥mo debemos estimarlo? Machine Learning: ¬øEh? ¬øHas intentado cambiar de R a Python?,0.0,0.0,Very Objective
"RT @wilderrodrigues: The slides of my talk at @PyData @pydataamsterdam can be found here: https://t.co/mDorJEigdY

#AI #AILifeCycle #Workfl‚Ä¶",0.0,0.0,Very Objective
RT @andronovhopf: Do you know of any surveys of public literacy &amp; opinions about AI and machine learning? Looking for references.,0.0,0.06666666666666667,Objective
"RT @escardio: Machine learning can lead to improved &amp; targetted actionable therapy in HF treatment. Big data analysis remains a challenge,‚Ä¶",0.0,0.1,Objective
@kareem_carr machine learning: just throw everything to xgboost,0.0,0.0,Very Objective
"RT @BIG_DATA_News: #deeplearning
---
What are you optimizing for? A lesson from machine learning üîó  https://t.co/FLwiBn9HDQ https://t.co/ok‚Ä¶",0.0,0.0,Very Objective
RT @maximaxoo: #Future #Tech: #MachineLearning researchers have produced a system that can recreate lifelike #motion from just a single fra‚Ä¶,0.07619047619047618,0.3130952380952381,Objective
Actual applications of #machinelearning by #banks and #insurers. https://t.co/jgh2YcJhon,0.0,0.1,Objective
Mona Lisa frown: #Machine #learning brings old paintings and photos to life ‚Äì @TechCrunch https://t.co/8QR7shxDzx,0.1,0.2,Objective
RT @tomordonez: Machine Learning and Deep Learning using the PHP Language (Examples &amp; Tutorials) https://t.co/N2mUrJMyfd,0.0,0.4,Objective
"RT @alibaljehar: ùóóùóÆùòÅùóÆ ùó¶ùó∞ùó∂ùó≤ùóªùó∞ùó≤ ùóòùó±ùòÇùó∞ùóÆùòÅùó∂ùóºùóª ""ùó†ùó∂ùó∞ùóøùóº-ùóñùóºùòÇùóøùòÄùó≤ùòÄ"" 

- Python
- Intro to Machine Learning
- Data Visualization
- Intermediate Machine‚Ä¶",0.0,0.0,Very Objective
"RT @kareem_carr: Epidemiology: What should we to estimate?

Statistics: How should we estimate it?

Machine Learning: Huh? Have you tried s‚Ä¶",0.0,0.0,Very Objective
"IAM Platform Curated Retweet:

Via: https://t.co/UCGCujmX8j

Machine Learning: An Overview #AI #Deeplearning‚Ä¶ https://t.co/ZhDw2Lojvi",0.0,0.0,Very Objective
IDG Contributor Network: Cybersecurity and machine learning: The right features can lead to success - https://t.co/VFQUssIDYM,0.2928571428571428,0.26785714285714285,Objective
Our machine translation tech has come out on in an annual machine-translation competition. Onward. #MSFTAdvocate https://t.co/WbD2s0kyPN,0.0,0.0,Very Objective
"@amartino Es algo raro porque vos pautaste y lograste convencer al cliente de que te haga click, el ‚Äúmachine learni‚Ä¶ https://t.co/12WFG3jj7V",0.0,0.0,Very Objective
"RT @kareem_carr: Big data: Create huge datasets. Insights will be obvious!

Data science: Play with data. Visualize it. Insights will be ob‚Ä¶",0.13333333333333336,0.5,
Machine Learning and Deep Learning using the PHP Language (Examples &amp; Tutorials) https://t.co/N2mUrJMyfd,0.0,0.4,Objective
"We're hosting a conversation with Dr. Yuval Shahar on How to Leverage AI &amp; Machine Learning in Healthcare, featurin‚Ä¶ https://t.co/RmQz3qe1oh",0.0,0.0,Very Objective
RT @dougbrownDBA: 19 MOOCs on Mathematics &amp; Statistics for Data Science &amp; Machine Learning https://t.co/m3CvIUTk5y https://t.co/ptCzCgCUOH,0.0,0.0,Very Objective
RT @AvaamoHQ: Machine Learning: An Overview #AI #Deeplearning  https://t.co/I2Zu4bDgRh by @DataScienceInc,0.0,0.0,Very Objective
Machine Learning and Deep Learning using the PHP Language (Examples &amp; Tutorials) https://t.co/voAfEkWxE5,0.0,0.4,Objective
"RT @kdnuggets: 19 Inspiring Women in AI, Big Data, Data Science, Machine Learning https://t.co/TYv0svnv9c https://t.co/JAlGxERlt1",0.25,0.55,Subjective
96% of organizations run into problems with AI and machine learning projects - TechRepublic https://t.co/QT63u1eSro,0.0,0.0,Very Objective
"19 Inspiring Women in AI, Big Data, Data Science, Machine Learning https://t.co/jlM4dSDvJN https://t.co/ydZsaAeQiD",0.25,0.55,Subjective
An approach to enhance machine learning explanations https://t.co/tr1UIeg0gf,0.0,0.0,Very Objective
RT @AvaamoHQ: Machine Learning: An Overview #AI #Deeplearning  https://t.co/I2Zu4bDgRh by @DataScienceInc,0.0,0.0,Very Objective
RT @kdnuggets: How do you teach physics to machine learning models? https://t.co/Ai0emfjUGx https://t.co/OzUN4e2iGL,0.0,0.0,Very Objective
"19 Inspiring Women in AI, Big Data, Data Science, Machine Learning https://t.co/TYv0svnv9c https://t.co/JAlGxERlt1",0.25,0.55,Subjective
RT @ndahlberg: ICYMI: Is that mole a sign of skin cancer? Miami startup @dermasensor aims to give you the answer through a handheld medical‚Ä¶,0.0,0.0,Very Objective
Survey: 96% of Enterprises Encounter Training Data Quality and Labeling Challenges in Machine Learning Projects. So‚Ä¶ https://t.co/h0plOJTzda,0.0,0.0,Very Objective
"""This year, for the 30th anniversary, censors at Chinese internet companies say that tools to detect and block cont‚Ä¶ https://t.co/7SEMeDkl2J",0.0,0.0,Very Objective
"RT @BBerastegui: This is super interesting to read if:

- You have no idea about Machine Learning (ML from now on)
- You are trying to lear‚Ä¶",0.41666666666666663,0.5833333333333333,Subjective
"Machine learning data ingestion bugs are the worst, because stuff doesn‚Äôt explode or produce pure garbage, it just‚Ä¶ https://t.co/WAg9bNesPI",-0.39285714285714285,0.75,Subjective
RT @evilsocket: How to Create a Malware Detection System With Machine Learning https://t.co/hxEs0a8REi,0.0,0.0,Very Objective
"RT @emekaboris: ‚ÄúArtificial Intelligence, deep learning, machine learning‚Ää‚Äî‚Ääwhatever you‚Äôre doing if you don‚Äôt understand it‚Ää‚Äî‚Äälearn it. Be‚Ä¶",-0.3,0.7,Subjective
RT @kdnuggets: How to Deploy Machine Learning Models: The Ultimate Guide https://t.co/L9EopB19bm https://t.co/pjLAJRxSqU,0.0,1.0,Very Subjective
Presenting on methods for measuring network effects tomorrow at the Machine Learning in Network Science workshop‚Ä¶ https://t.co/MOpmmI7xID,0.0,0.0,Very Objective
RT @m4rkmc: Samsung researchers have released a model that can generate faces in new poses from just a single image/frame (for each of face‚Ä¶,0.032467532467532464,0.3344155844155844,Objective
"RT @emekaboris: Hello Onitsha. Let's meet tomorrow and talk about ""Developing A Machine Learning Mindset"" 

See you there 

#Data #MachineL‚Ä¶",0.0,0.0,Very Objective
"RT @kareem_carr: Big data: Create huge datasets. Insights will be obvious!

Data science: Play with data. Visualize it. Insights will be ob‚Ä¶",0.13333333333333336,0.5,
RT @panlepan: Machine learning researchers have produced a system that can recreate lifelike motion from just a single frame of a person‚Äôs‚Ä¶,0.11428571428571428,0.40714285714285714,Objective
"RT @kareem_carr: Epidemiology: What should we to estimate?

Statistics: How should we estimate it?

Machine Learning: Huh? Have you tried s‚Ä¶",0.0,0.0,Very Objective
RT @odsc: Amazon Alexa scientists retrain an English-language AI model on Japanese #DataScience #Alexa #TransferLearning https://t.co/z9SFv‚Ä¶,0.0,0.0,Very Objective
[D] is Huawei's Matebook D a good laptop for Machine Learning? https://t.co/hl4K18G8MD,0.7,0.6000000000000001,Subjective
20 Examples Of Machine Learning Used In Customer Experience https://t.co/fh51XISujC,0.0,0.0,Very Objective
"RT @InsideSales: Why #ArtificialIntelligence Just Might Save Your Job
1. Jobs will not disappear; they‚Äôll evolve into more customer-focused‚Ä¶",0.5,0.5,
10 Best Machine Learning YouTube Videos | Springboard Blog https://t.co/mFmXopqUA3,1.0,0.3,Objective
"Building inclusion, fairness, and #ethics into #MachineLearning https://t.co/dh6QLJQQZo",0.0,0.0,Very Objective
"RT @InsideSales: Why #ArtificialIntelligence Just Might Save Your Job
1. Jobs will not disappear; they‚Äôll evolve into more customer-focused‚Ä¶",0.5,0.5,
"RT @kareem_carr: Epidemiology: What should we to estimate?

Statistics: How should we estimate it?

Machine Learning: Huh? Have you tried s‚Ä¶",0.0,0.0,Very Objective
RT @WPISDclub: 7th presentation: ‚ÄúTaming the Bull - Mitigation of Inventory and Ordering in Multi-Echelon Supply Chains via Interpretable M‚Ä¶,0.0,0.0,Very Objective
20 Examples Of Machine Learning Used In Customer Experience #customerexperience #machinelearning‚Ä¶ https://t.co/19BBdHg1IO,0.0,0.0,Very Objective
RT @WPISDclub: 7th presentation: ‚ÄúTaming the Bull - Mitigation of Inventory and Ordering in Multi-Echelon Supply Chains via Interpretable M‚Ä¶,0.0,0.0,Very Objective
RT @andronovhopf: Do you know of any surveys of public literacy &amp; opinions about AI and machine learning? Looking for references.,0.0,0.06666666666666667,Objective
Unity can also be used for much more than games... Apply machine learning and AR to make then visualize predictions‚Ä¶ https://t.co/gcqUSS9iDh,0.5,0.5,
Do you know of any surveys of public literacy &amp; opinions about AI and machine learning? Looking for references.,0.0,0.06666666666666667,Objective
"RT @PythonBeginner4: 6 Top Applications of Machine Learning

‚òû https://t.co/BoLbJUDvNO

#MachineLearning https://t.co/ryhXqwDurr",0.5,0.5,
"Matematik, statistik och programmering st√•r i fokus n√§r vi tr√§ffar Henrik Holm och Carl Fredriksson som √§r konsulte‚Ä¶ https://t.co/O4PWNv5HiL",0.0,0.0,Very Objective
"RT @kareem_carr: Epidemiology: What should we to estimate?

Statistics: How should we estimate it?

Machine Learning: Huh? Have you tried s‚Ä¶",0.0,0.0,Very Objective
"RT @KirkDBorne: The #AI, #MachineLearning, and #DataScience conundrum: Who will manage the #algorithms? https://t.co/8zuxnKxqpk
‚Äî‚Äî‚Äî
#BigDat‚Ä¶",0.0,0.0,Very Objective
